s1_id,s1_name,s1_name_norm,s1_name_core,s1_address,s1_address_norm,s1_address_norm2,s1_country,matched_source,matched_id,matched_name,matched_name_norm,matched_name_core,matched_address,matched_address_norm,matched_address_norm2,matched_country
S1-777210964,Davis Family Office,davis family office,davis family office,"88 Olive Circle, Lebanon, TN",88 olive circle lebanon tn,88 olive circle lebanon tn,US,S2,S2-12029274,Davis Family Offie,davis family offie,davis family offie,"88 OLIVE CIR, LEBANON, TN",88 olive cir lebanon tn,88 olive cir lebanon tn,US
S1-777210964,Davis Family Office,davis family office,davis family office,"88 Olive Circle, Lebanon, TN",88 olive circle lebanon tn,88 olive circle lebanon tn,US,S2,S2-407524980,DAVIS FAMILY OFFICE,davis family office,davis family office,"OLIVE CIR, LEBANON, TN",olive cir lebanon tn,olive cir lebanon tn,US
S1-777210964,Davis Family Office,davis family office,davis family office,"88 Olive Circle, Lebanon, TN",88 olive circle lebanon tn,88 olive circle lebanon tn,US,S3,S3-970714334,Davis Family (Office),davis family office,davis family office,"88 Olive Cir, Lebanon, Tennessee",88 olive cir lebanon tennessee,88 olive cir lebanon tennessee,US
S1-777210964,Davis Family Office,davis family office,davis family office,"88 Olive Circle, Lebanon, TN",88 olive circle lebanon tn,88 olive circle lebanon tn,US,S3,S3-712922821,Davis Family,davis family,davis family,"Lebanon, Tennessee, 88 Olive Cir",lebanon tennessee 88 olive cir,lebanon tennessee 88 olive cir,US
S1-190133982,MS Consultancy Corp,ms consultancy corp,ms consultancy,"Shymala Appts 1St Floor Flat No. 4 Opp Ratna Hospital Sb Road In Haveli, Pune, Maharashtra",shymala appts 1st floor flat no 4 opp ratna hospital sb road in haveli pune maharashtra,shymala appts 1st floor flat no 4 opp ratna hospital sb rd in haveli pune maharashtra,India,S2,S2-523219173,MS [Consultancy],ms consultancy,ms consultancy,"SHYMALA APPTS 1-1ST FLOOR FLAT NO. 4 OPP RATNA HOSPITAL SB ROAD IN HAVELI, PUNE, Maharashtra",shymala appts 1 1st floor flat no 4 opp ratna hospital sb road in haveli pune maharashtra,shymala appts 1 1st floor flat no 4 opp ratna hospital sb rd in haveli pune maharashtra,India
S1-190133982,MS Consultancy Corp,ms consultancy corp,ms consultancy,"Shymala Appts 1St Floor Flat No. 4 Opp Ratna Hospital Sb Road In Haveli, Pune, Maharashtra",shymala appts 1st floor flat no 4 opp ratna hospital sb road in haveli pune maharashtra,shymala appts 1st floor flat no 4 opp ratna hospital sb rd in haveli pune maharashtra,India,S3,S3-716445195,M5  Consultancy Corp,m5 consultancy corp,m5 consultancy,"Pune, MH, Pune, Shymala Appts 1St Floor Flat No. 4 Opp Ratna Hospital Sb Road In Haveli",pune mh pune shymala appts 1st floor flat no 4 opp ratna hospital sb road in haveli,pune mh pune shymala appts 1st floor flat no 4 opp ratna hospital sb rd in haveli,India
S1-190133982,MS Consultancy Corp,ms consultancy corp,ms consultancy,"Shymala Appts 1St Floor Flat No. 4 Opp Ratna Hospital Sb Road In Haveli, Pune, Maharashtra",shymala appts 1st floor flat no 4 opp ratna hospital sb road in haveli pune maharashtra,shymala appts 1st floor flat no 4 opp ratna hospital sb rd in haveli pune maharashtra,India,S3,S3-986804760,MS Corp Services,ms corp services,ms corp services,"Shymala Appts 1St Floor Flat No. 4 Opp Ratna Hospital Sb Road In Haveli, Pune, MH",shymala appts 1st floor flat no 4 opp ratna hospital sb road in haveli pune mh,shymala appts 1st floor flat no 4 opp ratna hospital sb rd in haveli pune mh,India
S1-970131671,3520 Main Road Realty Inc,3520 main road realty inc,3520 main road realty,"TX, 158 Simpson Lane, Somerset",tx 158 simpson lane somerset,tx 158 simpson ln somerset,US,S2,S2-670035601,3520 MAIN ROAD REALTY INC,3520 main road realty inc,3520 main road realty,"SIMPSON LANE, SOMERSET, TX",simpson lane somerset tx,simpson ln somerset tx,US
S1-970131671,3520 Main Road Realty Inc,3520 main road realty inc,3520 main road realty,"TX, 158 Simpson Lane, Somerset",tx 158 simpson lane somerset,tx 158 simpson ln somerset,US,S3,S3-392756625,3520 MAIN ROAD Realty INC,3520 main road realty inc,3520 main road realty,"158 Simpson Lane, Somerset, Texas",158 simpson lane somerset texas,158 simpson ln somerset texas,US
S1-391999301,Team Air Pvt. Ltd.,team air pvt ltd,team air,"Flat No:101, Anuska Towers, Opp. Mercedes Benz Show Room, Lakdi- Ka, -Pool, Hyderabad, Telangana",flat no 101 anuska towers opp mercedes benz show room lakdi ka pool hyderabad telangana,flat no 101 anuska towers opp mercedes benz show room lakdi ka pool hyderabad telangana,India,S2,S2-742819060,TEAMAIR.COM,teamair com,teamair com,"FLAT NO:101, ANUSKA TOWERS, OPP. MERCEDES BENZ SHOW ROOM, LAKDI- KA, -POOL, తెలంగాణ",flat no 101 anuska towers opp mercedes benz show room lakdi ka pool,flat no 101 anuska towers opp mercedes benz show room lakdi ka pool,India
S1-391999301,Team Air Pvt. Ltd.,team air pvt ltd,team air,"Flat No:101, Anuska Towers, Opp. Mercedes Benz Show Room, Lakdi- Ka, -Pool, Hyderabad, Telangana",flat no 101 anuska towers opp mercedes benz show room lakdi ka pool hyderabad telangana,flat no 101 anuska towers opp mercedes benz show room lakdi ka pool hyderabad telangana,India,S2,S2-339356009,Thg Air Pvt. Ltd.,thg air pvt ltd,thg air,"FLAT NO:101, -POOL, HYDERABAD, తెలంగాణ",flat no 101 pool hyderabad,flat no 101 pool hyderabad,India
S1-391999301,Team Air Pvt. Ltd.,team air pvt ltd,team air,"Flat No:101, Anuska Towers, Opp. Mercedes Benz Show Room, Lakdi- Ka, -Pool, Hyderabad, Telangana",flat no 101 anuska towers opp mercedes benz show room lakdi ka pool hyderabad telangana,flat no 101 anuska towers opp mercedes benz show room lakdi ka pool hyderabad telangana,India,S2,S2-233734305,teamair.com,teamair com,teamair com,"FLAT NO:101, ANUSKA TOWERS, OPP. MERCEDES BENZ SHOW ROOM, LAKDI- KA, -POOL, Telangana",flat no 101 anuska towers opp mercedes benz show room lakdi ka pool telangana,flat no 101 anuska towers opp mercedes benz show room lakdi ka pool telangana,India
S1-391999301,Team Air Pvt. Ltd.,team air pvt ltd,team air,"Flat No:101, Anuska Towers, Opp. Mercedes Benz Show Room, Lakdi- Ka, -Pool, Hyderabad, Telangana",flat no 101 anuska towers opp mercedes benz show room lakdi ka pool hyderabad telangana,flat no 101 anuska towers opp mercedes benz show room lakdi ka pool hyderabad telangana,India,S3,S3-938838849,Mirasol,mirasol,mirasol,"Flat No:1-101, Anuska Towers, Opp. Mercedes Benz Show Room, Lakdi- Ka, Hyderabad, -Pool, Andhra Pradesh",flat no 1 101 anuska towers opp mercedes benz show room lakdi ka hyderabad pool andhra pradesh,flat no 1 101 anuska towers opp mercedes benz show room lakdi ka hyderabad pool andhra pradesh,India
S1-391999301,Team Air Pvt. Ltd.,team air pvt ltd,team air,"Flat No:101, Anuska Towers, Opp. Mercedes Benz Show Room, Lakdi- Ka, -Pool, Hyderabad, Telangana",flat no 101 anuska towers opp mercedes benz show room lakdi ka pool hyderabad telangana,flat no 101 anuska towers opp mercedes benz show room lakdi ka pool hyderabad telangana,India,S3,S3-99519749,Team Air Pvt. Limited,team air pvt limited,team air,"Flat No:1-101, Anuska Towers, Opp. Mercedes Benz Show Room, Lakdi- Ka, -Pool, Hyderabad, Andhra Pradesh",flat no 1 101 anuska towers opp mercedes benz show room lakdi ka pool hyderabad andhra pradesh,flat no 1 101 anuska towers opp mercedes benz show room lakdi ka pool hyderabad andhra pradesh,India
S1-435988542,Drayex Berto LLC,drayex berto llc,drayex berto,"Montgomery Village, MD, 19821 Wheelwright Drive",montgomery village md 19821 wheelwright drive,montgomery village md 19821 wheelwright dr,US,S2,S2-500704398,DRAYEX  BERTO LLC,drayex berto llc,drayex berto,"##19821 WHEELWRIGHT DR, MONTGOMERY VILLAGE, MD",19821 wheelwright dr montgomery village md,19821 wheelwright dr montgomery village md,US
S1-351020560,Grand Connecticut LLC,grand connecticut llc,grand connecticut,"Calumet City, 351 Hoxie Avenue, IL",calumet city 351 hoxie avenue il,calumet city 351 hoxie ave il,US,S2,S2-907008976,Grand Connecticut,grand connecticut,grand connecticut,"CALUMET CITY, 351 HOXIE AVE, N/A, IL",calumet city 351 hoxie ave n a il,calumet city 351 hoxie ave n a il,US
S1-351020560,Grand Connecticut LLC,grand connecticut llc,grand connecticut,"Calumet City, 351 Hoxie Avenue, IL",calumet city 351 hoxie avenue il,calumet city 351 hoxie ave il,US,S3,S3-943702663,Grand LLC Service,grand llc service,grand llc service,"Illinois, Calumet City, 351- Hoxie Avenue",illinois calumet city 351 hoxie avenue,illinois calumet city 351 hoxie ave,US
S1-351020560,Grand Connecticut LLC,grand connecticut llc,grand connecticut,"Calumet City, 351 Hoxie Avenue, IL",calumet city 351 hoxie avenue il,calumet city 351 hoxie ave il,US,S3,S3-503506440,Grand Connecticut,grand connecticut,grand connecticut,"351- Hoxie Avenue, Calumet City, Illinois",351 hoxie avenue calumet city illinois,351 hoxie ave calumet city illinois,US
S1-351020560,Grand Connecticut LLC,grand connecticut llc,grand connecticut,"Calumet City, 351 Hoxie Avenue, IL",calumet city 351 hoxie avenue il,calumet city 351 hoxie ave il,US,S3,S3-27236093,Grand Grand Connecticut LLC,grand grand connecticut llc,grand grand connecticut,"351- Hoxie Ave, Calumet City, Illinois",351 hoxie ave calumet city illinois,351 hoxie ave calumet city illinois,US
S1-353020204,Prairie Capital Partners PLLC,prairie capital partners pllc,prairie capital partners pllc,"120 Autumn Woods Boulevard, Mount Holly, NC",120 autumn woods boulevard mount holly nc,120 autumn woods blvd mount holly nc,US,S2,S2-403125820,PRAIRIE CAPITAL PLLC-PARTNERS,prairie capital pllc partners,prairie capital pllc partners,"120. Autumn Woods Boulevard, MOUNT HOLLY, NC",120 autumn woods boulevard mount holly nc,120 autumn woods blvd mount holly nc,US
S1-353020204,Prairie Capital Partners PLLC,prairie capital partners pllc,prairie capital partners pllc,"120 Autumn Woods Boulevard, Mount Holly, NC",120 autumn woods boulevard mount holly nc,120 autumn woods blvd mount holly nc,US,S2,S2-482586584,Prairie (Capital),prairie capital,prairie capital,"AUTUMN WOODS BLVD, MOUNT HOLLY, NC",autumn woods blvd mount holly nc,autumn woods blvd mount holly nc,US
S1-353020204,Prairie Capital Partners PLLC,prairie capital partners pllc,prairie capital partners pllc,"120 Autumn Woods Boulevard, Mount Holly, NC",120 autumn woods boulevard mount holly nc,120 autumn woods blvd mount holly nc,US,S3,S3-740655592,Prairie Partners PLLC  Services,prairie partners pllc services,prairie partners pllc services,"Autumn Woods Blvd, Mount Holly, North Carolina",autumn woods blvd mount holly north carolina,autumn woods blvd mount holly north carolina,US
S1-353020204,Prairie Capital Partners PLLC,prairie capital partners pllc,prairie capital partners pllc,"120 Autumn Woods Boulevard, Mount Holly, NC",120 autumn woods boulevard mount holly nc,120 autumn woods blvd mount holly nc,US,S3,S3-701336150,prairie capital partners pllc,prairie capital partners pllc,prairie capital partners pllc,,,,US
S1-374388852,Jalna Chem LLP,jalna chem llp,jalna chem,"At H. No 211, Bhamberi Tq. Ambad S/Dn Dist Jalna, Jalna, Maharashtra",at h no 211 bhamberi tq ambad s dn dist jalna jalna maharashtra,at h no 211 bhamberi tq ambad s dn dist jalna jalna maharashtra,India,S2,S2-509116615,Jalna Chem  LLP,jalna chem llp,jalna chem,"AT H. NO 211, BHAMBERI TQ. AMBAD S/DN DIST JALNA, JALNA, Maharashtra",at h no 211 bhamberi tq ambad s dn dist jalna jalna maharashtra,at h no 211 bhamberi tq ambad s dn dist jalna jalna maharashtra,India
S1-374388852,Jalna Chem LLP,jalna chem llp,jalna chem,"At H. No 211, Bhamberi Tq. Ambad S/Dn Dist Jalna, Jalna, Maharashtra",at h no 211 bhamberi tq ambad s dn dist jalna jalna maharashtra,at h no 211 bhamberi tq ambad s dn dist jalna jalna maharashtra,India,S3,S3-913638566,Jalna  Ce LLP,jalna ce llp,jalna ce,"Blokc C-724 At H. No 211, Bhamberi Tq. Ambad S/dn Dist Jalna, Jalna, MH",blokc c 724 at h no 211 bhamberi tq ambad s dn dist jalna jalna mh,blokc c 724 at h no 211 bhamberi tq ambad s dn dist jalna jalna mh,India
S1-793615008,Clairvoyant Record Private Limited,clairvoyant record private limited,clairvoyant record,"1St Floor, Tamrakarmall, New Bus Stand, Sehore, Madhya Pradesh",1st floor tamrakarmall new bus stand sehore madhya pradesh,1st floor tamrakarmall new bus stand sehore madhya pradesh,India,S2,S2-102911781,Clairvoyant Ride Private (Limited),clairvoyant ride private limited,clairvoyant ride,"NO 7-1ST FLOOR, TAMRAKARMALL, NEW BUS STAND, SEHORE, Madhya Pradesh",no 7 1st floor tamrakarmall new bus stand sehore madhya pradesh,no 7 1st floor tamrakarmall new bus stand sehore madhya pradesh,India
S1-793615008,Clairvoyant Record Private Limited,clairvoyant record private limited,clairvoyant record,"1St Floor, Tamrakarmall, New Bus Stand, Sehore, Madhya Pradesh",1st floor tamrakarmall new bus stand sehore madhya pradesh,1st floor tamrakarmall new bus stand sehore madhya pradesh,India,S2,S2-942337168,Clairvoyant Récord Private Ltd,clairvoyant r cord private ltd,clairvoyant r cord,"7-1ST FLOOR, TAMRAKARMALL, NEW BUS STAND, SEHORE, मध्य प्रदेश",7 1st floor tamrakarmall new bus stand sehore,7 1st floor tamrakarmall new bus stand sehore,India
S1-793615008,Clairvoyant Record Private Limited,clairvoyant record private limited,clairvoyant record,"1St Floor, Tamrakarmall, New Bus Stand, Sehore, Madhya Pradesh",1st floor tamrakarmall new bus stand sehore madhya pradesh,1st floor tamrakarmall new bus stand sehore madhya pradesh,India,S2,S2-875327982,Clairvoyant Rcdbr Private Limited,clairvoyant rcdbr private limited,clairvoyant rcdbr,"7-1ST FLOOR, TAMRAKARMALL, NEW BUS STAND, SEHORE, Madhya Pradesh",7 1st floor tamrakarmall new bus stand sehore madhya pradesh,7 1st floor tamrakarmall new bus stand sehore madhya pradesh,India
S1-793615008,Clairvoyant Record Private Limited,clairvoyant record private limited,clairvoyant record,"1St Floor, Tamrakarmall, New Bus Stand, Sehore, Madhya Pradesh",1st floor tamrakarmall new bus stand sehore madhya pradesh,1st floor tamrakarmall new bus stand sehore madhya pradesh,India,S3,S3-276503007,Clairvoyant Record Private,clairvoyant record private,clairvoyant record private,"1St Floor, Sehore, Madhya Pradesh, मध्य प्रदेश",1st floor sehore madhya pradesh,1st floor sehore madhya pradesh,India
S1-793615008,Clairvoyant Record Private Limited,clairvoyant record private limited,clairvoyant record,"1St Floor, Tamrakarmall, New Bus Stand, Sehore, Madhya Pradesh",1st floor tamrakarmall new bus stand sehore madhya pradesh,1st floor tamrakarmall new bus stand sehore madhya pradesh,India,S3,S3-154593156,Clairvoyant Rceoad Private (Limited),clairvoyant rceoad private limited,clairvoyant rceoad,"1St Floor, Sehore, Madhya Pradesh, MP",1st floor sehore madhya pradesh mp,1st floor sehore madhya pradesh mp,India
S1-339384180,FH Business Pvt Ltd,fh business pvt ltd,fh business,"602, 6Th Floor, Crystal Mall, Bani Park, Jaipur, Rajasthan",602 6th floor crystal mall bani park jaipur rajasthan,602 6th floor crystal mall bani park jaipur rajasthan,India,S2,S2-763394237,FH BUSINESS PVT LIMITED,fh business pvt limited,fh business,"602, 6TH FLOOR, CRYSTAL MALL, BANI PARK, JAIPUR, राजस्थान",602 6th floor crystal mall bani park jaipur,602 6th floor crystal mall bani park jaipur,India
S1-339384180,FH Business Pvt Ltd,fh business pvt ltd,fh business,"602, 6Th Floor, Crystal Mall, Bani Park, Jaipur, Rajasthan",602 6th floor crystal mall bani park jaipur rajasthan,602 6th floor crystal mall bani park jaipur rajasthan,India,S3,S3-162797226,FH Business Pvt-Ltd.,fh business pvt ltd,fh business,"602, Jaipur, RJ",602 jaipur rj,602 jaipur rj,India
S1-339384180,FH Business Pvt Ltd,fh business pvt ltd,fh business,"602, 6Th Floor, Crystal Mall, Bani Park, Jaipur, Rajasthan",602 6th floor crystal mall bani park jaipur rajasthan,602 6th floor crystal mall bani park jaipur rajasthan,India,S3,S3-914554628,FH FH Business Pvt Ltd.,fh fh business pvt ltd,fh fh business,"6Th Floor, Crystal Mall, Bani Park, Jaipur, 602, RJ",6th floor crystal mall bani park jaipur 602 rj,6th floor crystal mall bani park jaipur 602 rj,India
