s1_id,s1_name,s1_address,s1_country,matched_source,matched_id,matched_name,matched_address,matched_country
S1-777210964,Davis Family Office,"88 Olive Circle, Lebanon, TN",US,S2,S2-12029274,Davis Family Offie,"88 OLIVE CIR, LEBANON, TN",US
S1-777210964,Davis Family Office,"88 Olive Circle, Lebanon, TN",US,S2,S2-407524980,DAVIS FAMILY OFFICE,"OLIVE CIR, LEBANON, TN",US
S1-777210964,Davis Family Office,"88 Olive Circle, Lebanon, TN",US,S3,S3-970714334,Davis Family (Office),"88 Olive Cir, Lebanon, Tennessee",US
S1-777210964,Davis Family Office,"88 Olive Circle, Lebanon, TN",US,S3,S3-712922821,Davis Family,"Lebanon, Tennessee, 88 Olive Cir",US
S1-190133982,MS Consultancy Corp,"Shymala Appts 1St Floor Flat No. 4 Opp Ratna Hospital Sb Road In Haveli, Pune, Maharashtra",India,S2,S2-523219173,MS [Consultancy],"SHYMALA APPTS 1-1ST FLOOR FLAT NO. 4 OPP RATNA HOSPITAL SB ROAD IN HAVELI, PUNE, Maharashtra",India
S1-190133982,MS Consultancy Corp,"Shymala Appts 1St Floor Flat No. 4 Opp Ratna Hospital Sb Road In Haveli, Pune, Maharashtra",India,S3,S3-716445195,M5  Consultancy Corp,"Pune, MH, Pune, Shymala Appts 1St Floor Flat No. 4 Opp Ratna Hospital Sb Road In Haveli",India
S1-190133982,MS Consultancy Corp,"Shymala Appts 1St Floor Flat No. 4 Opp Ratna Hospital Sb Road In Haveli, Pune, Maharashtra",India,S3,S3-986804760,MS Corp Services,"Shymala Appts 1St Floor Flat No. 4 Opp Ratna Hospital Sb Road In Haveli, Pune, MH",India
S1-970131671,3520 Main Road Realty Inc,"TX, 158 Simpson Lane, Somerset",US,S2,S2-670035601,3520 MAIN ROAD REALTY INC,"SIMPSON LANE, SOMERSET, TX",US
S1-970131671,3520 Main Road Realty Inc,"TX, 158 Simpson Lane, Somerset",US,S3,S3-392756625,3520 MAIN ROAD Realty INC,"158 Simpson Lane, Somerset, Texas",US
S1-391999301,Team Air Pvt. Ltd.,"Flat No:101, Anuska Towers, Opp. Mercedes Benz Show Room, Lakdi- Ka, -Pool, Hyderabad, Telangana",India,S2,S2-742819060,TEAMAIR.COM,"FLAT NO:101, ANUSKA TOWERS, OPP. MERCEDES BENZ SHOW ROOM, LAKDI- KA, -POOL, తెలంగాణ",India
S1-391999301,Team Air Pvt. Ltd.,"Flat No:101, Anuska Towers, Opp. Mercedes Benz Show Room, Lakdi- Ka, -Pool, Hyderabad, Telangana",India,S2,S2-339356009,Thg Air Pvt. Ltd.,"FLAT NO:101, -POOL, HYDERABAD, తెలంగాణ",India
S1-391999301,Team Air Pvt. Ltd.,"Flat No:101, Anuska Towers, Opp. Mercedes Benz Show Room, Lakdi- Ka, -Pool, Hyderabad, Telangana",India,S2,S2-233734305,teamair.com,"FLAT NO:101, ANUSKA TOWERS, OPP. MERCEDES BENZ SHOW ROOM, LAKDI- KA, -POOL, Telangana",India
S1-391999301,Team Air Pvt. Ltd.,"Flat No:101, Anuska Towers, Opp. Mercedes Benz Show Room, Lakdi- Ka, -Pool, Hyderabad, Telangana",India,S3,S3-938838849,Mirasol,"Flat No:1-101, Anuska Towers, Opp. Mercedes Benz Show Room, Lakdi- Ka, Hyderabad, -Pool, Andhra Pradesh",India
S1-391999301,Team Air Pvt. Ltd.,"Flat No:101, Anuska Towers, Opp. Mercedes Benz Show Room, Lakdi- Ka, -Pool, Hyderabad, Telangana",India,S3,S3-99519749,Team Air Pvt. Limited,"Flat No:1-101, Anuska Towers, Opp. Mercedes Benz Show Room, Lakdi- Ka, -Pool, Hyderabad, Andhra Pradesh",India
S1-435988542,Drayex Berto LLC,"Montgomery Village, MD, 19821 Wheelwright Drive",US,S2,S2-500704398,DRAYEX  BERTO LLC,"##19821 WHEELWRIGHT DR, MONTGOMERY VILLAGE, MD",US
S1-351020560,Grand Connecticut LLC,"Calumet City, 351 Hoxie Avenue, IL",US,S2,S2-907008976,Grand Connecticut,"CALUMET CITY, 351 HOXIE AVE, N/A, IL",US
S1-351020560,Grand Connecticut LLC,"Calumet City, 351 Hoxie Avenue, IL",US,S3,S3-943702663,Grand LLC Service,"Illinois, Calumet City, 351- Hoxie Avenue",US
S1-351020560,Grand Connecticut LLC,"Calumet City, 351 Hoxie Avenue, IL",US,S3,S3-503506440,Grand Connecticut,"351- Hoxie Avenue, Calumet City, Illinois",US
S1-351020560,Grand Connecticut LLC,"Calumet City, 351 Hoxie Avenue, IL",US,S3,S3-27236093,Grand Grand Connecticut LLC,"351- Hoxie Ave, Calumet City, Illinois",US
S1-353020204,Prairie Capital Partners PLLC,"120 Autumn Woods Boulevard, Mount Holly, NC",US,S2,S2-403125820,PRAIRIE CAPITAL PLLC-PARTNERS,"120. Autumn Woods Boulevard, MOUNT HOLLY, NC",US
S1-353020204,Prairie Capital Partners PLLC,"120 Autumn Woods Boulevard, Mount Holly, NC",US,S2,S2-482586584,Prairie (Capital),"AUTUMN WOODS BLVD, MOUNT HOLLY, NC",US
S1-353020204,Prairie Capital Partners PLLC,"120 Autumn Woods Boulevard, Mount Holly, NC",US,S3,S3-740655592,Prairie Partners PLLC  Services,"Autumn Woods Blvd, Mount Holly, North Carolina",US
S1-353020204,Prairie Capital Partners PLLC,"120 Autumn Woods Boulevard, Mount Holly, NC",US,S3,S3-701336150,prairie capital partners pllc,,US
S1-374388852,Jalna Chem LLP,"At H. No 211, Bhamberi Tq. Ambad S/Dn Dist Jalna, Jalna, Maharashtra",India,S2,S2-509116615,Jalna Chem  LLP,"AT H. NO 211, BHAMBERI TQ. AMBAD S/DN DIST JALNA, JALNA, Maharashtra",India
S1-374388852,Jalna Chem LLP,"At H. No 211, Bhamberi Tq. Ambad S/Dn Dist Jalna, Jalna, Maharashtra",India,S3,S3-913638566,Jalna  Ce LLP,"Blokc C-724 At H. No 211, Bhamberi Tq. Ambad S/dn Dist Jalna, Jalna, MH",India
S1-793615008,Clairvoyant Record Private Limited,"1St Floor, Tamrakarmall, New Bus Stand, Sehore, Madhya Pradesh",India,S2,S2-102911781,Clairvoyant Ride Private (Limited),"NO 7-1ST FLOOR, TAMRAKARMALL, NEW BUS STAND, SEHORE, Madhya Pradesh",India
S1-793615008,Clairvoyant Record Private Limited,"1St Floor, Tamrakarmall, New Bus Stand, Sehore, Madhya Pradesh",India,S2,S2-942337168,Clairvoyant Récord Private Ltd,"7-1ST FLOOR, TAMRAKARMALL, NEW BUS STAND, SEHORE, मध्य प्रदेश",India
S1-793615008,Clairvoyant Record Private Limited,"1St Floor, Tamrakarmall, New Bus Stand, Sehore, Madhya Pradesh",India,S2,S2-875327982,Clairvoyant Rcdbr Private Limited,"7-1ST FLOOR, TAMRAKARMALL, NEW BUS STAND, SEHORE, Madhya Pradesh",India
S1-793615008,Clairvoyant Record Private Limited,"1St Floor, Tamrakarmall, New Bus Stand, Sehore, Madhya Pradesh",India,S3,S3-276503007,Clairvoyant Record Private,"1St Floor, Sehore, Madhya Pradesh, मध्य प्रदेश",India
S1-793615008,Clairvoyant Record Private Limited,"1St Floor, Tamrakarmall, New Bus Stand, Sehore, Madhya Pradesh",India,S3,S3-154593156,Clairvoyant Rceoad Private (Limited),"1St Floor, Sehore, Madhya Pradesh, MP",India
S1-339384180,FH Business Pvt Ltd,"602, 6Th Floor, Crystal Mall, Bani Park, Jaipur, Rajasthan",India,S2,S2-763394237,FH BUSINESS PVT LIMITED,"602, 6TH FLOOR, CRYSTAL MALL, BANI PARK, JAIPUR, राजस्थान",India
S1-339384180,FH Business Pvt Ltd,"602, 6Th Floor, Crystal Mall, Bani Park, Jaipur, Rajasthan",India,S3,S3-162797226,FH Business Pvt-Ltd.,"602, Jaipur, RJ",India
S1-339384180,FH Business Pvt Ltd,"602, 6Th Floor, Crystal Mall, Bani Park, Jaipur, Rajasthan",India,S3,S3-914554628,FH FH Business Pvt Ltd.,"6Th Floor, Crystal Mall, Bani Park, Jaipur, 602, RJ",India
